-- phpMyAdmin SQL Dump
-- version 5.2.1
-- https://www.phpmyadmin.net/
--
-- Host: 127.0.0.1
-- Generation Time: Feb 13, 2024 at 10:14 PM
-- Server version: 10.4.28-MariaDB
-- PHP Version: 8.2.4

SET SQL_MODE = "NO_AUTO_VALUE_ON_ZERO";
START TRANSACTION;
SET time_zone = "+00:00";


/*!40101 SET @OLD_CHARACTER_SET_CLIENT=@@CHARACTER_SET_CLIENT */;
/*!40101 SET @OLD_CHARACTER_SET_RESULTS=@@CHARACTER_SET_RESULTS */;
/*!40101 SET @OLD_COLLATION_CONNECTION=@@COLLATION_CONNECTION */;
/*!40101 SET NAMES utf8mb4 */;

--
-- Database: `karanowan`
--

-- --------------------------------------------------------

--
-- Table structure for table `admins`
--

CREATE TABLE `admins` (
  `id` tinyint(3) UNSIGNED NOT NULL,
  `number` tinyint(3) UNSIGNED NOT NULL,
  `name` varchar(255) NOT NULL,
  `avatar` varchar(255) NOT NULL,
  `username` varchar(255) NOT NULL,
  `password` varchar(255) NOT NULL,
  `active_portion` varchar(255) DEFAULT NULL,
  `called_at` timestamp NULL DEFAULT NULL,
  `pinged_at` timestamp NULL DEFAULT NULL,
  `created_at` timestamp NOT NULL DEFAULT current_timestamp(),
  `updated_at` timestamp NOT NULL DEFAULT current_timestamp() ON UPDATE current_timestamp()
) ENGINE=InnoDB DEFAULT CHARSET=utf8mb4 COLLATE=utf8mb4_general_ci;

--
-- Dumping data for table `admins`
--

INSERT INTO `admins` (`id`, `number`, `name`, `avatar`, `username`, `password`, `active_portion`, `called_at`, `pinged_at`, `created_at`, `updated_at`) VALUES
(1, 1, 'DEVELOPMENT', 'no-avatar.jpg', 'admin', 'admin', NULL, NULL, NULL, '2023-02-19 07:36:32', '2023-05-21 21:02:37');

-- --------------------------------------------------------

--
-- Table structure for table `arrangements`
--

CREATE TABLE `arrangements` (
  `id` smallint(5) UNSIGNED NOT NULL,
  `event_id` smallint(5) UNSIGNED NOT NULL,
  `team_id` tinyint(3) UNSIGNED NOT NULL,
  `order` tinyint(3) UNSIGNED NOT NULL,
  `created_at` timestamp NOT NULL DEFAULT current_timestamp(),
  `updated_at` timestamp NOT NULL DEFAULT current_timestamp() ON UPDATE current_timestamp()
) ENGINE=InnoDB DEFAULT CHARSET=utf8mb4 COLLATE=utf8mb4_general_ci;

--
-- Dumping data for table `arrangements`
--

INSERT INTO `arrangements` (`id`, `event_id`, `team_id`, `order`, `created_at`, `updated_at`) VALUES
(1, 2, 2, 1, '2024-02-13 19:12:22', '2024-02-13 19:12:22'),
(2, 2, 7, 4, '2024-02-13 19:12:29', '2024-02-13 19:13:07'),
(3, 2, 6, 2, '2024-02-13 19:12:30', '2024-02-13 19:12:30'),
(4, 2, 4, 5, '2024-02-13 19:13:28', '2024-02-13 19:13:28'),
(5, 2, 5, 6, '2024-02-13 19:13:31', '2024-02-13 19:13:31'),
(6, 2, 1, 7, '2024-02-13 19:13:33', '2024-02-13 19:13:33');

-- --------------------------------------------------------

--
-- Table structure for table `categories`
--

CREATE TABLE `categories` (
  `id` tinyint(3) UNSIGNED NOT NULL,
  `competition_id` tinyint(3) UNSIGNED NOT NULL,
  `slug` varchar(32) NOT NULL,
  `title` varchar(255) NOT NULL,
  `created_at` timestamp NOT NULL DEFAULT current_timestamp(),
  `updated_at` timestamp NOT NULL DEFAULT current_timestamp() ON UPDATE current_timestamp()
) ENGINE=InnoDB DEFAULT CHARSET=utf8mb4 COLLATE=utf8mb4_general_ci;

--
-- Dumping data for table `categories`
--

INSERT INTO `categories` (`id`, `competition_id`, `slug`, `title`, `created_at`, `updated_at`) VALUES
(1, 1, 'street-parade-performance', 'Karanowan Fish-tival Street Parade & Performance', '2024-02-13 18:58:15', '2024-02-13 18:58:15');

-- --------------------------------------------------------

--
-- Table structure for table `competitions`
--

CREATE TABLE `competitions` (
  `id` tinyint(3) UNSIGNED NOT NULL,
  `slug` varchar(32) NOT NULL,
  `title` varchar(255) NOT NULL,
  `created_at` timestamp NOT NULL DEFAULT current_timestamp(),
  `updated_at` timestamp NOT NULL DEFAULT current_timestamp() ON UPDATE current_timestamp()
) ENGINE=InnoDB DEFAULT CHARSET=utf8mb4 COLLATE=utf8mb4_general_ci;

--
-- Dumping data for table `competitions`
--

INSERT INTO `competitions` (`id`, `slug`, `title`, `created_at`, `updated_at`) VALUES
(1, 'karanowan-2024', 'Karanowan Fish-tival 2024', '2023-04-06 13:24:04', '2024-02-13 18:49:18');

-- --------------------------------------------------------

--
-- Table structure for table `criteria`
--

CREATE TABLE `criteria` (
  `id` smallint(5) UNSIGNED NOT NULL,
  `event_id` smallint(5) UNSIGNED NOT NULL,
  `title` varchar(255) NOT NULL,
  `percentage` float UNSIGNED NOT NULL,
  `created_at` timestamp NOT NULL DEFAULT current_timestamp(),
  `updated_at` timestamp NOT NULL DEFAULT current_timestamp() ON UPDATE current_timestamp()
) ENGINE=InnoDB DEFAULT CHARSET=utf8mb4 COLLATE=utf8mb4_general_ci;

--
-- Dumping data for table `criteria`
--

INSERT INTO `criteria` (`id`, `event_id`, `title`, `percentage`, `created_at`, `updated_at`) VALUES
(1, 1, 'Dance Consistency', 40, '2024-02-13 19:00:14', '2024-02-13 19:00:14'),
(2, 1, 'Timing/Precisions/Synchronization', 30, '2024-02-13 19:00:35', '2024-02-13 19:00:35'),
(3, 1, 'Appropriateness on the Dance Choreography', 30, '2024-02-13 19:02:37', '2024-02-13 19:02:37'),
(4, 2, 'Theme/Concept/Music and Interpretation', 20, '2024-02-13 19:03:25', '2024-02-13 19:03:25'),
(5, 2, 'Performance and Choreography', 50, '2024-02-13 19:03:42', '2024-02-13 19:03:42'),
(6, 2, 'Costume and Props', 20, '2024-02-13 19:03:57', '2024-02-13 19:03:57'),
(7, 2, 'Audience Impact', 10, '2024-02-13 19:04:17', '2024-02-13 19:04:17');

-- --------------------------------------------------------

--
-- Table structure for table `deductions`
--

CREATE TABLE `deductions` (
  `id` mediumint(8) UNSIGNED NOT NULL,
  `technical_id` tinyint(3) UNSIGNED NOT NULL,
  `event_id` smallint(5) UNSIGNED NOT NULL,
  `team_id` tinyint(3) UNSIGNED NOT NULL,
  `value` float UNSIGNED NOT NULL DEFAULT 0,
  `is_locked` tinyint(1) NOT NULL DEFAULT 0,
  `created_at` timestamp NOT NULL DEFAULT current_timestamp(),
  `updated_at` timestamp NOT NULL DEFAULT current_timestamp() ON UPDATE current_timestamp()
) ENGINE=InnoDB DEFAULT CHARSET=utf8mb4 COLLATE=utf8mb4_general_ci;

-- --------------------------------------------------------

--
-- Table structure for table `eliminations`
--

CREATE TABLE `eliminations` (
  `id` mediumint(9) NOT NULL,
  `event_id` smallint(5) UNSIGNED NOT NULL,
  `team_id` tinyint(3) UNSIGNED NOT NULL,
  `created_at` timestamp NOT NULL DEFAULT current_timestamp(),
  `updated_at` timestamp NOT NULL DEFAULT current_timestamp() ON UPDATE current_timestamp()
) ENGINE=InnoDB DEFAULT CHARSET=utf8mb4 COLLATE=utf8mb4_general_ci;

-- --------------------------------------------------------

--
-- Table structure for table `events`
--

CREATE TABLE `events` (
  `id` smallint(5) UNSIGNED NOT NULL,
  `category_id` tinyint(3) UNSIGNED NOT NULL,
  `slug` varchar(32) NOT NULL,
  `title` varchar(255) NOT NULL,
  `created_at` timestamp NOT NULL DEFAULT current_timestamp(),
  `updated_at` timestamp NOT NULL DEFAULT current_timestamp() ON UPDATE current_timestamp()
) ENGINE=InnoDB DEFAULT CHARSET=utf8mb4 COLLATE=utf8mb4_general_ci;

--
-- Dumping data for table `events`
--

INSERT INTO `events` (`id`, `category_id`, `slug`, `title`, `created_at`, `updated_at`) VALUES
(1, 1, 'street-parade', 'Street Parade', '2024-02-13 18:59:02', '2024-02-13 18:59:02'),
(2, 1, 'performance', 'Performance', '2024-02-13 18:59:46', '2024-02-13 18:59:46');

-- --------------------------------------------------------

--
-- Table structure for table `judges`
--

CREATE TABLE `judges` (
  `id` tinyint(3) UNSIGNED NOT NULL,
  `number` tinyint(3) UNSIGNED NOT NULL,
  `name` varchar(255) NOT NULL,
  `avatar` varchar(255) DEFAULT NULL,
  `username` varchar(255) NOT NULL,
  `password` varchar(255) NOT NULL,
  `active_portion` varchar(255) DEFAULT NULL,
  `called_at` timestamp NULL DEFAULT NULL,
  `pinged_at` timestamp NULL DEFAULT NULL,
  `created_at` timestamp NOT NULL DEFAULT current_timestamp(),
  `updated_at` timestamp NOT NULL DEFAULT current_timestamp() ON UPDATE current_timestamp()
) ENGINE=InnoDB DEFAULT CHARSET=utf8mb4 COLLATE=utf8mb4_general_ci;

--
-- Dumping data for table `judges`
--

INSERT INTO `judges` (`id`, `number`, `name`, `avatar`, `username`, `password`, `active_portion`, `called_at`, `pinged_at`, `created_at`, `updated_at`) VALUES
(1, 1, 'Judge 01', 'no-avatar.jpg', 'judge01', 'judge01', NULL, NULL, NULL, '2023-04-06 13:58:11', '2023-05-21 21:02:49'),
(2, 2, 'Judge 02', 'no-avatar.jpg', 'judge02', 'judge02', NULL, NULL, NULL, '2023-04-06 13:58:28', '2023-05-21 21:02:55'),
(3, 3, 'Judge 03', 'no-avatar.jpg', 'judge03', 'judge03', NULL, NULL, NULL, '2023-04-06 13:58:42', '2023-05-21 21:03:01'),
(4, 4, 'Judge 04', 'no-avatar.jpg', 'judge04', 'judge04', NULL, NULL, NULL, '2023-04-06 13:59:26', '2023-05-21 21:03:04'),
(5, 5, 'Judge 05', 'no-avatar.jpg', 'judge05', 'judge05', NULL, NULL, NULL, '2023-04-06 14:00:00', '2023-05-21 21:03:08');

-- --------------------------------------------------------

--
-- Table structure for table `judge_event`
--

CREATE TABLE `judge_event` (
  `id` tinyint(3) UNSIGNED NOT NULL,
  `judge_id` tinyint(3) UNSIGNED NOT NULL,
  `event_id` smallint(5) UNSIGNED NOT NULL,
  `is_chairman` tinyint(1) NOT NULL DEFAULT 0,
  `created_at` timestamp NOT NULL DEFAULT current_timestamp(),
  `updated_at` timestamp NOT NULL DEFAULT current_timestamp() ON UPDATE current_timestamp()
) ENGINE=InnoDB DEFAULT CHARSET=utf8mb4 COLLATE=utf8mb4_general_ci;

--
-- Dumping data for table `judge_event`
--

INSERT INTO `judge_event` (`id`, `judge_id`, `event_id`, `is_chairman`, `created_at`, `updated_at`) VALUES
(1, 1, 1, 0, '2024-02-13 19:14:14', '2024-02-13 19:14:31'),
(2, 1, 2, 0, '2024-02-13 19:17:08', '2024-02-13 19:17:08'),
(3, 2, 1, 0, '2024-02-13 19:17:14', '2024-02-13 19:17:14'),
(4, 2, 2, 0, '2024-02-13 19:17:18', '2024-02-13 19:17:18'),
(5, 3, 1, 0, '2024-02-13 19:17:26', '2024-02-13 19:17:26'),
(6, 3, 2, 0, '2024-02-13 19:17:41', '2024-02-13 19:17:41');

-- --------------------------------------------------------

--
-- Table structure for table `noshows`
--

CREATE TABLE `noshows` (
  `id` smallint(5) UNSIGNED NOT NULL,
  `event_id` smallint(5) UNSIGNED NOT NULL,
  `team_id` tinyint(3) UNSIGNED NOT NULL,
  `created_at` timestamp NOT NULL DEFAULT current_timestamp(),
  `updated_at` timestamp NOT NULL DEFAULT current_timestamp() ON UPDATE current_timestamp()
) ENGINE=InnoDB DEFAULT CHARSET=utf8mb4 COLLATE=utf8mb4_general_ci;

-- --------------------------------------------------------

--
-- Table structure for table `participants`
--

CREATE TABLE `participants` (
  `id` smallint(5) UNSIGNED NOT NULL,
  `team_id` tinyint(3) UNSIGNED NOT NULL,
  `event_id` smallint(5) UNSIGNED NOT NULL,
  `number` smallint(5) UNSIGNED NOT NULL,
  `first_name` varchar(255) NOT NULL,
  `middle_name` varchar(255) DEFAULT NULL,
  `last_name` varchar(255) NOT NULL,
  `gender` enum('male','female') NOT NULL,
  `avatar` varchar(255) DEFAULT NULL,
  `created_at` timestamp NOT NULL DEFAULT current_timestamp(),
  `updated_at` timestamp NOT NULL DEFAULT current_timestamp() ON UPDATE current_timestamp()
) ENGINE=InnoDB DEFAULT CHARSET=utf8mb4 COLLATE=utf8mb4_general_ci;

-- --------------------------------------------------------

--
-- Table structure for table `points`
--

CREATE TABLE `points` (
  `id` smallint(5) UNSIGNED NOT NULL,
  `event_id` smallint(5) UNSIGNED NOT NULL,
  `rank` tinyint(3) UNSIGNED NOT NULL,
  `value` float UNSIGNED NOT NULL,
  `created_at` timestamp NOT NULL DEFAULT current_timestamp(),
  `updated_at` timestamp NOT NULL DEFAULT current_timestamp() ON UPDATE current_timestamp()
) ENGINE=InnoDB DEFAULT CHARSET=utf8mb4 COLLATE=utf8mb4_general_ci;

-- --------------------------------------------------------

--
-- Table structure for table `ratings`
--

CREATE TABLE `ratings` (
  `id` mediumint(8) UNSIGNED NOT NULL,
  `judge_id` tinyint(3) UNSIGNED NOT NULL,
  `criteria_id` smallint(5) UNSIGNED NOT NULL,
  `team_id` tinyint(3) UNSIGNED NOT NULL,
  `value` float UNSIGNED NOT NULL DEFAULT 0,
  `is_locked` tinyint(1) NOT NULL DEFAULT 0,
  `created_at` timestamp NOT NULL DEFAULT current_timestamp(),
  `updated_at` timestamp NOT NULL DEFAULT current_timestamp() ON UPDATE current_timestamp()
) ENGINE=InnoDB DEFAULT CHARSET=utf8mb4 COLLATE=utf8mb4_general_ci;

-- --------------------------------------------------------

--
-- Table structure for table `teams`
--

CREATE TABLE `teams` (
  `id` tinyint(3) UNSIGNED NOT NULL,
  `number` tinyint(4) NOT NULL DEFAULT 0,
  `name` varchar(255) NOT NULL,
  `location` varchar(32) NOT NULL,
  `avatar` varchar(255) DEFAULT NULL,
  `created_at` timestamp NOT NULL DEFAULT current_timestamp(),
  `updated_at` timestamp NOT NULL DEFAULT current_timestamp() ON UPDATE current_timestamp()
) ENGINE=InnoDB DEFAULT CHARSET=utf8mb4 COLLATE=utf8mb4_general_ci;

--
-- Dumping data for table `teams`
--

INSERT INTO `teams` (`id`, `number`, `name`, `location`, `avatar`, `created_at`, `updated_at`) VALUES
(1, 1, 'SAN VICENTE, STA. CRUZ, TRES REYES, BATO NATIONAL HIGH SCHOOL, OCAMPO ACADEMY TECHNOLOGICAL INSTITUTE', 'CLUSTER 1', 'no-avatar.jpg', '2024-02-13 19:09:06', '2024-02-13 19:09:06'),
(2, 2, 'DIVINA PASTORA, SAN RAFAEL, SANTIAGO, TABURNAL LEARNING SCHOOL, HOLY TRINITY COLLEGE OF CAMARINES SUR', 'CLUSTER 2', 'no-avatar.jpg', '2024-02-13 19:09:35', '2024-02-13 19:09:35'),
(3, 3, 'SAN MIGUEL, AGOS, MASOLI, NINO JESUS, MASOLI HIGH SCHOOL', 'CLUSTER 3', 'no-avatar.jpg', '2024-02-13 19:09:53', '2024-02-13 19:09:53'),
(4, 4, 'BACOLOD, NEIGHBORHOOD, TAGPOLO, SAN ROQUE, SAGRADA, SAN ROQUE HIGH SCHOOL', 'CLUSTER 4', 'no-avatar.jpg', '2024-02-13 19:10:23', '2024-02-13 19:10:23'),
(5, 5, 'CAWACAGAN, SAN JUAN, GOYUDAN, SALVACION, BULUANG, ST. JOHN THE BAPTIST INSTITUTE OF BICOL, INC., SALVACION NATIONAL HIGH SCHOOL', 'CLUSTER 5', 'no-avatar.jpg', '2024-02-13 19:10:42', '2024-02-13 19:10:42'),
(6, 6, 'DEL ROSARIO, LUBIGAN, CRISTO REY, CARICOT, LOBONG, SOOC, COTMON, MANGGA, DIVINE SHEPHERD HIGH SCHOOL', 'CLUSTER 6', 'no-avatar.jpg', '2024-02-13 19:11:01', '2024-02-13 19:11:48'),
(7, 7, 'PAGATPATAN, PALO, PAYAK, SAN ISIDRO, MAINIT, PAYAK HIGH SCHOOL, MATAAS NA PAARALAN NG PAGATPATAN', 'CLUSTER 7', 'no-avatar.jpg', '2024-02-13 19:11:40', '2024-02-13 19:11:40');

-- --------------------------------------------------------

--
-- Table structure for table `technicals`
--

CREATE TABLE `technicals` (
  `id` tinyint(3) UNSIGNED NOT NULL,
  `number` tinyint(3) UNSIGNED NOT NULL,
  `name` varchar(255) NOT NULL,
  `avatar` varchar(255) DEFAULT NULL,
  `username` varchar(255) NOT NULL,
  `password` varchar(255) NOT NULL,
  `active_portion` varchar(255) DEFAULT NULL,
  `called_at` timestamp NULL DEFAULT NULL,
  `pinged_at` timestamp NULL DEFAULT NULL,
  `created_at` timestamp NOT NULL DEFAULT current_timestamp(),
  `updated_at` timestamp NOT NULL DEFAULT current_timestamp() ON UPDATE current_timestamp()
) ENGINE=InnoDB DEFAULT CHARSET=utf8mb4 COLLATE=utf8mb4_general_ci;

--
-- Dumping data for table `technicals`
--

INSERT INTO `technicals` (`id`, `number`, `name`, `avatar`, `username`, `password`, `active_portion`, `called_at`, `pinged_at`, `created_at`, `updated_at`) VALUES
(1, 1, 'Technical 01', 'no-avatar.jpg', 'technical01', 'technical01', NULL, NULL, NULL, '2023-02-19 08:58:58', '2023-05-02 14:37:40');

-- --------------------------------------------------------

--
-- Table structure for table `technical_event`
--

CREATE TABLE `technical_event` (
  `id` tinyint(3) UNSIGNED NOT NULL,
  `technical_id` tinyint(3) UNSIGNED NOT NULL,
  `event_id` smallint(5) UNSIGNED NOT NULL,
  `created_at` timestamp NOT NULL DEFAULT current_timestamp(),
  `updated_at` timestamp NOT NULL DEFAULT current_timestamp() ON UPDATE current_timestamp()
) ENGINE=InnoDB DEFAULT CHARSET=utf8mb4 COLLATE=utf8mb4_general_ci;

-- --------------------------------------------------------

--
-- Table structure for table `titles`
--

CREATE TABLE `titles` (
  `id` smallint(5) UNSIGNED NOT NULL,
  `event_id` smallint(5) UNSIGNED NOT NULL,
  `rank` tinyint(3) UNSIGNED NOT NULL DEFAULT 1,
  `title` varchar(255) NOT NULL,
  `created_at` timestamp NOT NULL DEFAULT current_timestamp(),
  `updated_at` timestamp NOT NULL DEFAULT current_timestamp() ON UPDATE current_timestamp()
) ENGINE=InnoDB DEFAULT CHARSET=utf8mb4 COLLATE=utf8mb4_general_ci;

--
-- Indexes for dumped tables
--

--
-- Indexes for table `admins`
--
ALTER TABLE `admins`
  ADD PRIMARY KEY (`id`);

--
-- Indexes for table `arrangements`
--
ALTER TABLE `arrangements`
  ADD PRIMARY KEY (`id`),
  ADD KEY `event_id` (`event_id`),
  ADD KEY `team_id` (`team_id`);

--
-- Indexes for table `categories`
--
ALTER TABLE `categories`
  ADD PRIMARY KEY (`id`),
  ADD KEY `competition_id` (`competition_id`);

--
-- Indexes for table `competitions`
--
ALTER TABLE `competitions`
  ADD PRIMARY KEY (`id`);

--
-- Indexes for table `criteria`
--
ALTER TABLE `criteria`
  ADD PRIMARY KEY (`id`),
  ADD KEY `event_id` (`event_id`);

--
-- Indexes for table `deductions`
--
ALTER TABLE `deductions`
  ADD PRIMARY KEY (`id`),
  ADD KEY `judge_id` (`technical_id`),
  ADD KEY `team_id` (`team_id`),
  ADD KEY `event_id` (`event_id`);

--
-- Indexes for table `eliminations`
--
ALTER TABLE `eliminations`
  ADD PRIMARY KEY (`id`),
  ADD KEY `event_id` (`event_id`),
  ADD KEY `team_id` (`team_id`);

--
-- Indexes for table `events`
--
ALTER TABLE `events`
  ADD PRIMARY KEY (`id`),
  ADD KEY `area_id` (`category_id`);

--
-- Indexes for table `judges`
--
ALTER TABLE `judges`
  ADD PRIMARY KEY (`id`);

--
-- Indexes for table `judge_event`
--
ALTER TABLE `judge_event`
  ADD PRIMARY KEY (`id`),
  ADD KEY `judge_id` (`judge_id`),
  ADD KEY `event_id` (`event_id`);

--
-- Indexes for table `noshows`
--
ALTER TABLE `noshows`
  ADD PRIMARY KEY (`id`),
  ADD KEY `event_id` (`event_id`),
  ADD KEY `team_id` (`team_id`);

--
-- Indexes for table `participants`
--
ALTER TABLE `participants`
  ADD PRIMARY KEY (`id`),
  ADD KEY `team_id` (`team_id`),
  ADD KEY `event_id` (`event_id`);

--
-- Indexes for table `points`
--
ALTER TABLE `points`
  ADD PRIMARY KEY (`id`),
  ADD KEY `event_id` (`event_id`);

--
-- Indexes for table `ratings`
--
ALTER TABLE `ratings`
  ADD PRIMARY KEY (`id`),
  ADD KEY `judge_id` (`judge_id`),
  ADD KEY `team_id` (`team_id`),
  ADD KEY `criteria_id` (`criteria_id`);

--
-- Indexes for table `teams`
--
ALTER TABLE `teams`
  ADD PRIMARY KEY (`id`);

--
-- Indexes for table `technicals`
--
ALTER TABLE `technicals`
  ADD PRIMARY KEY (`id`);

--
-- Indexes for table `technical_event`
--
ALTER TABLE `technical_event`
  ADD PRIMARY KEY (`id`),
  ADD KEY `judge_id` (`technical_id`),
  ADD KEY `event_id` (`event_id`);

--
-- Indexes for table `titles`
--
ALTER TABLE `titles`
  ADD PRIMARY KEY (`id`),
  ADD KEY `event_id` (`event_id`);

--
-- AUTO_INCREMENT for dumped tables
--

--
-- AUTO_INCREMENT for table `admins`
--
ALTER TABLE `admins`
  MODIFY `id` tinyint(3) UNSIGNED NOT NULL AUTO_INCREMENT, AUTO_INCREMENT=2;

--
-- AUTO_INCREMENT for table `arrangements`
--
ALTER TABLE `arrangements`
  MODIFY `id` smallint(5) UNSIGNED NOT NULL AUTO_INCREMENT, AUTO_INCREMENT=7;

--
-- AUTO_INCREMENT for table `categories`
--
ALTER TABLE `categories`
  MODIFY `id` tinyint(3) UNSIGNED NOT NULL AUTO_INCREMENT, AUTO_INCREMENT=2;

--
-- AUTO_INCREMENT for table `competitions`
--
ALTER TABLE `competitions`
  MODIFY `id` tinyint(3) UNSIGNED NOT NULL AUTO_INCREMENT, AUTO_INCREMENT=2;

--
-- AUTO_INCREMENT for table `criteria`
--
ALTER TABLE `criteria`
  MODIFY `id` smallint(5) UNSIGNED NOT NULL AUTO_INCREMENT, AUTO_INCREMENT=8;

--
-- AUTO_INCREMENT for table `deductions`
--
ALTER TABLE `deductions`
  MODIFY `id` mediumint(8) UNSIGNED NOT NULL AUTO_INCREMENT;

--
-- AUTO_INCREMENT for table `eliminations`
--
ALTER TABLE `eliminations`
  MODIFY `id` mediumint(9) NOT NULL AUTO_INCREMENT;

--
-- AUTO_INCREMENT for table `events`
--
ALTER TABLE `events`
  MODIFY `id` smallint(5) UNSIGNED NOT NULL AUTO_INCREMENT, AUTO_INCREMENT=3;

--
-- AUTO_INCREMENT for table `judges`
--
ALTER TABLE `judges`
  MODIFY `id` tinyint(3) UNSIGNED NOT NULL AUTO_INCREMENT, AUTO_INCREMENT=6;

--
-- AUTO_INCREMENT for table `judge_event`
--
ALTER TABLE `judge_event`
  MODIFY `id` tinyint(3) UNSIGNED NOT NULL AUTO_INCREMENT, AUTO_INCREMENT=7;

--
-- AUTO_INCREMENT for table `noshows`
--
ALTER TABLE `noshows`
  MODIFY `id` smallint(5) UNSIGNED NOT NULL AUTO_INCREMENT;

--
-- AUTO_INCREMENT for table `participants`
--
ALTER TABLE `participants`
  MODIFY `id` smallint(5) UNSIGNED NOT NULL AUTO_INCREMENT;

--
-- AUTO_INCREMENT for table `points`
--
ALTER TABLE `points`
  MODIFY `id` smallint(5) UNSIGNED NOT NULL AUTO_INCREMENT;

--
-- AUTO_INCREMENT for table `ratings`
--
ALTER TABLE `ratings`
  MODIFY `id` mediumint(8) UNSIGNED NOT NULL AUTO_INCREMENT;

--
-- AUTO_INCREMENT for table `teams`
--
ALTER TABLE `teams`
  MODIFY `id` tinyint(3) UNSIGNED NOT NULL AUTO_INCREMENT, AUTO_INCREMENT=8;

--
-- AUTO_INCREMENT for table `technicals`
--
ALTER TABLE `technicals`
  MODIFY `id` tinyint(3) UNSIGNED NOT NULL AUTO_INCREMENT, AUTO_INCREMENT=2;

--
-- AUTO_INCREMENT for table `technical_event`
--
ALTER TABLE `technical_event`
  MODIFY `id` tinyint(3) UNSIGNED NOT NULL AUTO_INCREMENT, AUTO_INCREMENT=2;

--
-- AUTO_INCREMENT for table `titles`
--
ALTER TABLE `titles`
  MODIFY `id` smallint(5) UNSIGNED NOT NULL AUTO_INCREMENT;

--
-- Constraints for dumped tables
--

--
-- Constraints for table `arrangements`
--
ALTER TABLE `arrangements`
  ADD CONSTRAINT `arrangements_ibfk_1` FOREIGN KEY (`team_id`) REFERENCES `teams` (`id`) ON DELETE CASCADE ON UPDATE CASCADE,
  ADD CONSTRAINT `arrangements_ibfk_2` FOREIGN KEY (`event_id`) REFERENCES `events` (`id`) ON DELETE CASCADE ON UPDATE CASCADE;

--
-- Constraints for table `categories`
--
ALTER TABLE `categories`
  ADD CONSTRAINT `categories_ibfk_1` FOREIGN KEY (`competition_id`) REFERENCES `competitions` (`id`) ON UPDATE CASCADE;

--
-- Constraints for table `criteria`
--
ALTER TABLE `criteria`
  ADD CONSTRAINT `criteria_ibfk_1` FOREIGN KEY (`event_id`) REFERENCES `events` (`id`) ON UPDATE CASCADE;

--
-- Constraints for table `deductions`
--
ALTER TABLE `deductions`
  ADD CONSTRAINT `deductions_ibfk_1` FOREIGN KEY (`event_id`) REFERENCES `events` (`id`) ON DELETE CASCADE ON UPDATE CASCADE,
  ADD CONSTRAINT `deductions_ibfk_2` FOREIGN KEY (`team_id`) REFERENCES `teams` (`id`) ON DELETE CASCADE ON UPDATE CASCADE,
  ADD CONSTRAINT `deductions_ibfk_3` FOREIGN KEY (`technical_id`) REFERENCES `technicals` (`id`) ON DELETE CASCADE ON UPDATE CASCADE;

--
-- Constraints for table `eliminations`
--
ALTER TABLE `eliminations`
  ADD CONSTRAINT `eliminations_ibfk_1` FOREIGN KEY (`event_id`) REFERENCES `events` (`id`) ON DELETE CASCADE ON UPDATE CASCADE,
  ADD CONSTRAINT `eliminations_ibfk_2` FOREIGN KEY (`team_id`) REFERENCES `teams` (`id`) ON DELETE CASCADE ON UPDATE CASCADE;

--
-- Constraints for table `events`
--
ALTER TABLE `events`
  ADD CONSTRAINT `events_ibfk_1` FOREIGN KEY (`category_id`) REFERENCES `categories` (`id`) ON UPDATE CASCADE;

--
-- Constraints for table `judge_event`
--
ALTER TABLE `judge_event`
  ADD CONSTRAINT `judge_event_ibfk_1` FOREIGN KEY (`judge_id`) REFERENCES `judges` (`id`) ON DELETE CASCADE ON UPDATE CASCADE,
  ADD CONSTRAINT `judge_event_ibfk_2` FOREIGN KEY (`event_id`) REFERENCES `events` (`id`) ON DELETE CASCADE ON UPDATE CASCADE;

--
-- Constraints for table `noshows`
--
ALTER TABLE `noshows`
  ADD CONSTRAINT `noshows_ibfk_1` FOREIGN KEY (`event_id`) REFERENCES `events` (`id`) ON DELETE CASCADE ON UPDATE CASCADE,
  ADD CONSTRAINT `noshows_ibfk_2` FOREIGN KEY (`team_id`) REFERENCES `teams` (`id`) ON DELETE CASCADE ON UPDATE CASCADE;

--
-- Constraints for table `participants`
--
ALTER TABLE `participants`
  ADD CONSTRAINT `participants_ibfk_1` FOREIGN KEY (`team_id`) REFERENCES `teams` (`id`) ON DELETE CASCADE ON UPDATE CASCADE,
  ADD CONSTRAINT `participants_ibfk_2` FOREIGN KEY (`event_id`) REFERENCES `events` (`id`) ON DELETE CASCADE ON UPDATE CASCADE;

--
-- Constraints for table `points`
--
ALTER TABLE `points`
  ADD CONSTRAINT `points_ibfk_1` FOREIGN KEY (`event_id`) REFERENCES `events` (`id`) ON DELETE CASCADE ON UPDATE CASCADE;

--
-- Constraints for table `ratings`
--
ALTER TABLE `ratings`
  ADD CONSTRAINT `ratings_ibfk_1` FOREIGN KEY (`criteria_id`) REFERENCES `criteria` (`id`) ON DELETE CASCADE ON UPDATE CASCADE,
  ADD CONSTRAINT `ratings_ibfk_2` FOREIGN KEY (`team_id`) REFERENCES `teams` (`id`) ON DELETE CASCADE ON UPDATE CASCADE,
  ADD CONSTRAINT `ratings_ibfk_3` FOREIGN KEY (`judge_id`) REFERENCES `judges` (`id`) ON DELETE CASCADE ON UPDATE CASCADE;

--
-- Constraints for table `technical_event`
--
ALTER TABLE `technical_event`
  ADD CONSTRAINT `technical_event_ibfk_2` FOREIGN KEY (`technical_id`) REFERENCES `technicals` (`id`) ON DELETE CASCADE ON UPDATE CASCADE,
  ADD CONSTRAINT `technical_event_ibfk_3` FOREIGN KEY (`event_id`) REFERENCES `events` (`id`) ON DELETE CASCADE ON UPDATE CASCADE;

--
-- Constraints for table `titles`
--
ALTER TABLE `titles`
  ADD CONSTRAINT `titles_ibfk_1` FOREIGN KEY (`event_id`) REFERENCES `events` (`id`) ON DELETE CASCADE ON UPDATE CASCADE;
COMMIT;

/*!40101 SET CHARACTER_SET_CLIENT=@OLD_CHARACTER_SET_CLIENT */;
/*!40101 SET CHARACTER_SET_RESULTS=@OLD_CHARACTER_SET_RESULTS */;
/*!40101 SET COLLATION_CONNECTION=@OLD_COLLATION_CONNECTION */;
